Area,ISOCode,1970,1975,1980,1985,1990,1995,2000,2005,2010,2015,2020,2025,2030,2035,2040,2045,2050,2055,2060,2065,2070,2075,2080,2085,2090,2095,2100
Algeria,12,0.269776751,0.307140064,0.353571569,0.404597003,0.439981666,0.45922028,0.483028048,0.511600201,0.532631952,0.54992937,0.566058646,0.582496354,0.599713505,0.617493396,0.634902001,0.651108962,0.665885479,0.6796865,0.692342168,0.70440691,0.715790167,0.726751865,0.737038331,0.746184082,0.754794036,0.763112539,0.771198793
Argentina,32,0.472200845,0.487111714,0.502383519,0.50920667,0.517608104,0.538760979,0.552921621,0.565795511,0.580915509,0.598890909,0.614663274,0.629695768,0.642354129,0.654368106,0.666009172,0.677355955,0.688569022,0.699414532,0.709870481,0.720023977,0.730333415,0.740030621,0.749629557,0.759108235,0.768433876,0.777101022,0.785669666
Armenia,51,0.315059716,0.361865584,0.399740871,0.434122275,0.456371149,0.480244677,0.506250204,0.545150088,0.558287287,0.589248017,0.616072586,0.638096777,0.654457672,0.666984697,0.677620228,0.687175142,0.696004754,0.70505332,0.714125712,0.72415711,0.73458197,0.745132225,0.755555139,0.765372802,0.774962508,0.783976202,0.792599233
Australia,36,0.589747244,0.604754664,0.624010975,0.640422246,0.653443323,0.671146664,0.688179184,0.705962401,0.719537401,0.734770831,0.745649579,0.757075133,0.767696683,0.777423425,0.786560725,0.795058264,0.803023117,0.81098742,0.818466511,0.825928999,0.832952634,0.840073486,0.846949638,0.853958975,0.860596391,0.867227048,0.873790241
Austria,40,0.550716958,0.568160149,0.587789314,0.603529139,0.622974381,0.636917328,0.652666386,0.665555524,0.67717801,0.690317693,0.69813255,0.706494687,0.714445343,0.722916756,0.731466932,0.739964802,0.748509505,0.75727131,0.765259445,0.773620455,0.782133442,0.790413556,0.799035086,0.807275224,0.815718055,0.823983498,0.832037058
Azerbaijan,31,0.225490247,0.294943044,0.347752377,0.391945597,0.432610267,0.470974229,0.497431792,0.530467689,0.575440386,0.613627374,0.63421451,0.644432819,0.650992095,0.658232436,0.666136372,0.674381438,0.682913383,0.691177258,0.699248804,0.706882195,0.713662371,0.720045457,0.726385769,0.73229323,0.739176117,0.746196921,0.753989635
Bahamas,44,0.545033181,0.550036109,0.585957617,0.606240318,0.620919845,0.629522507,0.642760428,0.658450634,0.669865113,0.675656331,0.683255755,0.692752974,0.702608675,0.712823436,0.722437606,0.731703423,0.740617873,0.749445904,0.757636539,0.76616762,0.774235263,0.78281087,0.791101143,0.799309565,0.807253855,0.815348751,0.822864214
Bahrain,48,0.371956369,0.419604512,0.462565136,0.473070166,0.503723347,0.529698869,0.553991055,0.576736451,0.595401275,0.614771939,0.628952601,0.640791405,0.652538864,0.664276696,0.675844395,0.687166512,0.69810628,0.709194927,0.719910658,0.730635286,0.741068025,0.750728636,0.760622108,0.769420882,0.777504989,0.785491384,0.793122728
Bangladesh,50,0.21553063,0.209026462,0.234396914,0.251816365,0.271501041,0.293725675,0.321964413,0.350243618,0.37542389,0.400160479,0.420344535,0.436763985,0.453121904,0.469763211,0.486838248,0.504517438,0.522115959,0.539666058,0.55730594,0.574506284,0.591481047,0.6083228,0.625317412,0.642014971,0.658401144,0.673541905,0.687694068
Belarus,112,0.382126374,0.415358308,0.44563934,0.472849191,0.503487548,0.52361123,0.540629206,0.566118369,0.590649846,0.618788056,0.634103759,0.645649908,0.65492761,0.663797577,0.672644795,0.681231466,0.68962897,0.697542407,0.705589681,0.714022086,0.722367788,0.730911837,0.739260365,0.747556278,0.755843602,0.76397096,0.772284314
Belgium,56,0.548361071,0.564384585,0.582239027,0.595744227,0.614198167,0.627537458,0.641951465,0.654492567,0.665949622,0.683625011,0.698758645,0.714749602,0.728311657,0.740355532,0.751297047,0.761562849,0.770988344,0.779741594,0.788353699,0.796670788,0.804930556,0.813110822,0.821074157,0.829009333,0.836965766,0.844545671,0.852121016
Belize,84,0.401864975,0.422643053,0.445838656,0.454156348,0.479383753,0.491893088,0.49698604,0.512524175,0.520889784,0.534503859,0.549337429,0.566215418,0.581515703,0.595832462,0.610063937,0.624034463,0.637605442,0.650845619,0.664109412,0.677192289,0.689996537,0.702647304,0.714508235,0.726126639,0.738289992,0.7508886,0.763633168
Benin,204,0.149039125,0.168986119,0.191561646,0.213858746,0.230865775,0.24850316,0.261607072,0.282317022,0.304904656,0.323260104,0.340745459,0.356822801,0.373796641,0.391166767,0.409002544,0.427016742,0.445474158,0.463788617,0.481833307,0.499402653,0.516925515,0.534009471,0.551089574,0.568181293,0.585245203,0.602230886,0.618692474
Bhutan,64,0.115892871,0.132627917,0.156502192,0.185153736,0.223722741,0.26220402,0.304096313,0.35445249,0.39896054,0.435740985,0.469986343,0.498515329,0.522805153,0.544075878,0.563964853,0.583640403,0.603142462,0.622849875,0.642251396,0.6614281,0.67961916,0.696749981,0.713596359,0.729387774,0.744500338,0.758473201,0.771947567
Bolivia (Plurinational State of),68,0.303824498,0.328997865,0.350162802,0.363645002,0.383590828,0.407161422,0.429815437,0.452552682,0.476343905,0.501813062,0.52142916,0.536786785,0.551506945,0.566344499,0.581034608,0.595838206,0.610207818,0.623751442,0.636617448,0.648580484,0.659506981,0.670045667,0.680042137,0.689515939,0.698487434,0.706811111,0.715111014
Bosnia and Herzegovina,70,0.296714182,0.342149169,0.384206915,0.420419106,0.450642036,0.467328148,0.531829452,0.5384149,0.567072786,0.595840554,0.621373674,0.641211628,0.657956384,0.67235228,0.68528464,0.697856179,0.709544484,0.720732402,0.731631318,0.742315929,0.753022603,0.763523967,0.7739833,0.783820204,0.79301471,0.801741094,0.809603409
Botswana,72,0.259873984,0.308991862,0.352668261,0.390305877,0.428722887,0.43711153,0.433269731,0.440274407,0.484263219,0.527955632,0.564668837,0.583562138,0.599066394,0.613005841,0.625800573,0.636360863,0.645843637,0.654305845,0.662569762,0.669977176,0.677126873,0.684226419,0.690539086,0.696572441,0.702097896,0.707969703,0.713296547
Brazil,76,0.339652106,0.371970782,0.398673494,0.413613262,0.432377254,0.452097858,0.471811532,0.491882062,0.511661468,0.523590548,0.543277312,0.5608227,0.575948789,0.590406174,0.604859185,0.619435058,0.634286319,0.648865202,0.662417935,0.674889729,0.686714995,0.697954952,0.708743847,0.719312686,0.729415091,0.739237402,0.748611759
Bulgaria,100,0.467623431,0.493654716,0.51464991,0.530285772,0.541016068,0.545356656,0.549757574,0.574012286,0.589697551,0.618659988,0.633466406,0.647411303,0.658724762,0.669412795,0.679341358,0.68950553,0.699178672,0.708602647,0.717752181,0.727565286,0.736855656,0.746105273,0.755081187,0.763670719,0.771628389,0.779513116,0.787821598
Burkina Faso,854,0.091623066,0.108402259,0.125117643,0.145687015,0.159536844,0.171532548,0.187680269,0.199662625,0.233134223,0.259669171,0.284489041,0.306136809,0.32590766,0.345596464,0.365273642,0.385328326,0.405646614,0.426245371,0.447217724,0.468087553,0.488601008,0.508455871,0.528097981,0.546993756,0.56508382,0.58296333,0.600427339
Burundi,108,0.129708987,0.138048571,0.15166509,0.164324626,0.179667758,0.178890985,0.202946098,0.212570782,0.225879512,0.253485228,0.28236217,0.307992457,0.32935552,0.348175511,0.365365716,0.381522444,0.398011824,0.415472925,0.434052697,0.453015066,0.472158743,0.490862902,0.509357795,0.527685193,0.545951382,0.564149842,0.58183498
Cameroon,120,0.231174207,0.261528032,0.289906724,0.317553808,0.323191081,0.321143977,0.327819519,0.348713302,0.373784492,0.39632967,0.422102946,0.443986897,0.463020385,0.481674266,0.499188756,0.51639267,0.532798062,0.548621222,0.564062391,0.579233008,0.5938996,0.607946574,0.621679471,0.635719297,0.649865645,0.663535059,0.67643239
Canada,124,0.597777077,0.617092633,0.63570631,0.652937159,0.666941092,0.677624726,0.692615247,0.705356259,0.712750966,0.717581408,0.726771608,0.736527046,0.74481059,0.752638462,0.759993741,0.767138928,0.773978517,0.780303432,0.786591493,0.793106256,0.79960697,0.806014158,0.812753184,0.819254699,0.82576077,0.832291591,0.838801815
Cape Verde,132,0.236266001,0.258483361,0.280885612,0.312342534,0.330933824,0.356750616,0.392617547,0.423855334,0.447587891,0.469564183,0.487362559,0.500632181,0.512898233,0.525018722,0.538425373,0.552301939,0.566693698,0.580909808,0.595037253,0.608697801,0.622670594,0.636587786,0.649890977,0.663426301,0.676434304,0.689559238,0.703041707
Central African Republic,140,0.143742511,0.169627686,0.19465038,0.213215055,0.221676558,0.220346899,0.231078215,0.2371423,0.267646566,0.298055541,0.332663726,0.356549282,0.37633047,0.395190728,0.413706783,0.431536259,0.449624555,0.466906211,0.484328016,0.501287725,0.518518019,0.535276014,0.55199384,0.56860528,0.58487069,0.600552296,0.61597674
Chad,148,0.108125803,0.127365512,0.132785571,0.155353704,0.168032073,0.183807961,0.195191966,0.226698442,0.24557603,0.273195279,0.299321491,0.322405273,0.343086826,0.363912063,0.38453534,0.405287187,0.425629029,0.44557458,0.465384655,0.484971671,0.503846195,0.5226987,0.541158491,0.558990313,0.57657517,0.59368396,0.610269209
Chile,152,0.444124822,0.459337891,0.494848347,0.509112604,0.536021621,0.565702379,0.584546455,0.600300711,0.611676183,0.624267743,0.637145713,0.650396096,0.6627708,0.674991192,0.686808643,0.698052721,0.708477171,0.71860812,0.727789362,0.736865076,0.745531678,0.754471776,0.763188636,0.771978741,0.780985949,0.789946392,0.79846312
China,156,0.245685577,0.282695056,0.323661095,0.366815413,0.394177196,0.431009764,0.457385009,0.495438875,0.526906084,0.559100578,0.58409439,0.604969276,0.623089194,0.639323918,0.653958051,0.667540143,0.680610904,0.692945893,0.704964707,0.716922409,0.728125512,0.739383831,0.749785078,0.759488713,0.768327651,0.776676634,0.784184192
Colombia,170,0.348884791,0.373560115,0.401537477,0.423459673,0.442995816,0.460731563,0.479838877,0.499433923,0.517256726,0.536753246,0.55235649,0.567880748,0.582284126,0.59603768,0.609656683,0.623986401,0.638192979,0.652146728,0.664620749,0.676599863,0.68739788,0.697591972,0.707111006,0.716191247,0.725083137,0.733925042,0.742567254
Comoros,174,0.158970097,0.19257096,0.224744619,0.258976137,0.282592815,0.303374518,0.317305484,0.334583493,0.351052879,0.376215932,0.400826318,0.425207035,0.445941028,0.465401921,0.484999567,0.505016712,0.524844576,0.544186207,0.562322404,0.579442219,0.595288106,0.610674044,0.625165561,0.640140596,0.654731749,0.668955992,0.682073595
Congo,178,0.260519937,0.296070312,0.328951461,0.365549626,0.380494801,0.380484161,0.379144766,0.382972789,0.410094046,0.4467629,0.48094017,0.50882159,0.528655382,0.545314205,0.559234264,0.572272667,0.584560783,0.59704999,0.609388481,0.621320564,0.63258786,0.643883531,0.654550515,0.665845334,0.67724645,0.688513162,0.699066168
Costa Rica,188,0.431703281,0.459030316,0.4860593,0.500150776,0.514652963,0.528289562,0.541559517,0.555279146,0.569494092,0.582126477,0.594872183,0.606306482,0.617182693,0.627777412,0.638917603,0.650279494,0.661034687,0.672038387,0.683035343,0.69382267,0.705631496,0.717694534,0.729070237,0.740172038,0.750672747,0.760508774,0.770432329
Cote d'Ivoire,384,0.165578655,0.194407696,0.221071941,0.245207655,0.26157601,0.264758331,0.264770019,0.267867521,0.28768444,0.310984207,0.33715791,0.359313342,0.380581605,0.40245696,0.425185485,0.447847785,0.470110399,0.491828898,0.512527086,0.532530376,0.552119462,0.57081525,0.589005657,0.607108234,0.624803438,0.641982529,0.658128377
Croatia,191,0.480412644,0.502554967,0.521872536,0.539496478,0.566173264,0.56317126,0.584779246,0.608425716,0.622125851,0.64087784,0.653765336,0.665984926,0.676483813,0.686253353,0.695202982,0.703955855,0.712157941,0.720263432,0.728074239,0.736375466,0.744575041,0.752781471,0.760972772,0.769136596,0.777244341,0.78513708,0.793225809
Cuba,192,0.472794252,0.50301269,0.530068114,0.557994519,0.566641815,0.561584157,0.577756321,0.591748,0.613030911,0.628895997,0.64496447,0.658492261,0.669697847,0.68035695,0.689897371,0.699384487,0.708729363,0.7174005,0.726723717,0.735782049,0.745248908,0.754470166,0.763503065,0.772209198,0.781163579,0.789953124,0.798256905
Cyprus,196,0.472998894,0.489160796,0.539864217,0.566483403,0.596604223,0.613567237,0.632338652,0.648542398,0.661837743,0.67690444,0.694889216,0.711859282,0.725125026,0.736225648,0.7463045,0.755909833,0.765200466,0.773587645,0.78154561,0.789539927,0.797680106,0.805727693,0.813494308,0.821417141,0.828903599,0.836198319,0.843704178
Czech Republic,203,0.568581862,0.577999531,0.588710963,0.597114712,0.610125042,0.614428498,0.629725393,0.649001691,0.663170516,0.682319944,0.689566349,0.696852388,0.704750969,0.713433711,0.722810858,0.73234958,0.741450227,0.750373979,0.759248376,0.768526693,0.778216617,0.787463051,0.796410305,0.804907295,0.812809071,0.820763465,0.828988124
Democratic Republic of the Congo,180,0.222195025,0.236320265,0.24231959,0.258063487,0.270546778,0.25165826,0.126239282,0.225007128,0.244070671,0.305501288,0.360900638,0.407137603,0.440728929,0.466966843,0.487780939,0.505429933,0.520925134,0.535114899,0.548793048,0.56178119,0.574787622,0.587359582,0.599838404,0.611582969,0.623258443,0.634488776,0.6450759
Denmark,208,0.604060972,0.613202394,0.624093712,0.634190163,0.642100102,0.651754511,0.664506791,0.673905231,0.680015123,0.695179106,0.705449641,0.715762129,0.724828926,0.733643141,0.742438819,0.751685191,0.760905847,0.770274085,0.779233313,0.78839016,0.79679858,0.805384733,0.813787057,0.822169683,0.830172068,0.838163669,0.845400415
Dominican Republic,214,0.32510155,0.357469947,0.385935389,0.41097516,0.434787922,0.462805397,0.487302802,0.505504589,0.529451889,0.549951166,0.568351923,0.584974765,0.600512096,0.615926866,0.6318137,0.647105324,0.661655449,0.675556348,0.688228281,0.700660319,0.711800721,0.722874319,0.733176832,0.743596956,0.753789326,0.76371603,0.773516747
Ecuador,218,0.351717365,0.387115975,0.418817264,0.440573706,0.462249698,0.485722485,0.498650679,0.52015387,0.534197135,0.551461627,0.569285063,0.587027831,0.603220012,0.618426375,0.633129044,0.646508359,0.660228274,0.673502182,0.686549937,0.698806377,0.710122737,0.721162106,0.731531862,0.741304639,0.750749505,0.759949721,0.769352806
Egypt,818,0.254532244,0.271467377,0.3083472,0.344485829,0.375477602,0.4058676,0.435118796,0.461145111,0.486723218,0.514172548,0.536597279,0.558919976,0.578478309,0.598227749,0.616918646,0.633981778,0.649803337,0.664435822,0.67821345,0.690981404,0.702980317,0.713874399,0.723667424,0.732972385,0.741305874,0.749293257,0.756930695
El Salvador,222,0.310918949,0.335031222,0.350025533,0.365965497,0.393387381,0.428805971,0.449641682,0.469423859,0.490112856,0.510076021,0.528669348,0.546307108,0.562050363,0.578205068,0.594241469,0.610062954,0.625805729,0.641309061,0.656310328,0.670257525,0.683455765,0.69618669,0.708330976,0.719527245,0.73038632,0.740808264,0.751358592
Equatorial Guinea,226,0.188362425,0.221529767,0.226424364,0.256603928,0.265424004,0.287435427,0.377997868,0.430019568,0.461723575,0.486927399,0.505881045,0.523073707,0.537819486,0.551985049,0.565636947,0.578665905,0.591537547,0.603958173,0.615981767,0.627912864,0.639674396,0.650745854,0.661401639,0.671794023,0.681876063,0.691516031,0.701237431
Estonia,233,0.495158543,0.518796796,0.538775985,0.558186127,0.587426213,0.578097398,0.600080974,0.629945717,0.641261447,0.67062907,0.681122122,0.690792597,0.698832744,0.705926651,0.712498577,0.718614722,0.724825037,0.730964999,0.737769645,0.74486721,0.752676879,0.760529741,0.768756689,0.776627294,0.784360169,0.792149047,0.799939031
Ethiopia,231,0.108480594,0.119345807,0.129991493,0.136105751,0.151581018,0.163114863,0.188425285,0.211143172,0.253185212,0.293656649,0.32346018,0.343159655,0.36098278,0.379074584,0.39732106,0.415910611,0.434200215,0.452265446,0.470229951,0.488132976,0.506020934,0.523785123,0.540978201,0.557643493,0.573564205,0.589156608,0.604740469
Fiji,242,0.396027952,0.4230593,0.447120454,0.461055832,0.479590789,0.496004989,0.510740305,0.526090247,0.53631322,0.553867605,0.575775392,0.600064378,0.619739466,0.636926983,0.651308999,0.664649957,0.677052253,0.68899866,0.700535347,0.712029736,0.722868146,0.733310542,0.74322977,0.754323255,0.765457554,0.776861799,0.787887227
Finland,246,0.549423967,0.570846017,0.592102452,0.611163897,0.627156789,0.635181044,0.655110883,0.67045403,0.680026605,0.698916238,0.712132808,0.72528584,0.735909026,0.745402392,0.754757154,0.763067581,0.771151668,0.778895385,0.786208309,0.793732812,0.801066853,0.808747873,0.816400222,0.823836172,0.83142824,0.838450617,0.845857319
France,250,0.540761818,0.559333355,0.578693041,0.593825359,0.612559134,0.626386582,0.641719797,0.655445528,0.667268664,0.684591956,0.698801081,0.714878919,0.729022999,0.741981993,0.753789227,0.764795568,0.774945064,0.784577254,0.793408371,0.802450755,0.810823122,0.81890207,0.826949968,0.834570424,0.842242368,0.849861083,0.857213714
Gabon,266,0.270472347,0.324557968,0.363184003,0.398842601,0.429334918,0.448149877,0.458675797,0.464684305,0.48085798,0.510300435,0.530650233,0.545965412,0.557645342,0.570324171,0.583102849,0.595520961,0.6075717,0.619142194,0.630980414,0.642434488,0.653681221,0.665501681,0.677330536,0.68877178,0.699867793,0.710597862,0.721223878
Gambia,270,0.117151349,0.138727593,0.159589155,0.183993261,0.209176833,0.22433024,0.245644924,0.281885126,0.315837404,0.350826259,0.379633108,0.402803668,0.42385381,0.443790475,0.462472341,0.480687631,0.498190767,0.515018251,0.531212385,0.546472817,0.561412913,0.576024826,0.590252404,0.604202835,0.6179345,0.630863928,0.643301272
Georgia,268,0.347930403,0.386202663,0.421951729,0.45119409,0.480648038,0.501850963,0.532856341,0.555709896,0.574992092,0.611152501,0.642367868,0.666553604,0.681179374,0.690737715,0.69790263,0.704766004,0.711743355,0.719665691,0.728186277,0.737534881,0.747306598,0.756688587,0.765936738,0.774245794,0.78291276,0.791379035,0.799740018
Germany,276,0.615203191,0.624241624,0.638373252,0.649811201,0.665938215,0.676799674,0.687960003,0.696374265,0.704741418,0.714615956,0.721687551,0.729536976,0.736249861,0.743587049,0.751333899,0.759518907,0.767788357,0.77642359,0.784810342,0.793166554,0.801479576,0.809759932,0.818386107,0.826842638,0.835459177,0.843678333,0.85188738
Ghana,288,0.254839409,0.270859429,0.285192408,0.29913014,0.316604883,0.331195774,0.339150762,0.35527025,0.378221442,0.40096149,0.42057928,0.43766425,0.453791433,0.470799907,0.4885526,0.506551835,0.524459778,0.542220623,0.559806711,0.576476178,0.592721636,0.608332782,0.623296772,0.637728222,0.651632589,0.664801526,0.677573588
Greece,300,0.490293472,0.51671207,0.538894516,0.558012576,0.576272007,0.595800068,0.615061779,0.635069693,0.649518874,0.665338263,0.680632555,0.697334235,0.712650016,0.726826623,0.739186542,0.750522759,0.761129897,0.770741058,0.780255494,0.788959291,0.797636904,0.80574222,0.813529859,0.821249077,0.828406678,0.835896592,0.843025919
Guatemala,320,0.285268462,0.310020287,0.333208383,0.347411452,0.365534098,0.386581241,0.407961308,0.430117518,0.452109935,0.474436956,0.494444156,0.512530363,0.527943865,0.54314173,0.558241946,0.572662966,0.58695407,0.6007512,0.614103364,0.627082926,0.639823861,0.652154916,0.664572247,0.676978123,0.689739112,0.702077745,0.713929245
Guinea,324,0.123094011,0.141297726,0.159620112,0.175844847,0.19676656,0.214017705,0.227239063,0.250567321,0.274362574,0.299574803,0.327748169,0.351811413,0.375226896,0.398234539,0.420661613,0.44237988,0.463421872,0.483697736,0.502658749,0.520870556,0.538239956,0.555275705,0.572101503,0.58852594,0.604881463,0.621141473,0.636888957
Guinea-Bissau,624,0.097121829,0.127492215,0.138522271,0.163914961,0.177894629,0.207958924,0.214069244,0.254391978,0.273516829,0.299780947,0.328226528,0.352596175,0.372799253,0.392450326,0.410987047,0.429478169,0.44755951,0.465700174,0.483420356,0.500831845,0.517672082,0.534040006,0.549976174,0.565531343,0.58069701,0.595194449,0.609350906
Guyana,328,0.406587153,0.429572886,0.433630026,0.417817321,0.425902885,0.45221127,0.481374177,0.494583135,0.507314483,0.517808807,0.527423814,0.539415196,0.551531279,0.564262275,0.577157866,0.589687857,0.602025961,0.613708171,0.625093126,0.636075352,0.646472652,0.65669585,0.666942128,0.677101642,0.6864509,0.6958829,0.704953837
Haiti,332,0.196284144,0.21124746,0.234782039,0.248837186,0.265430751,0.283013636,0.306872986,0.321758058,0.347602306,0.373068567,0.398997244,0.424288052,0.447786748,0.470282543,0.49193065,0.51207869,0.531180102,0.549196163,0.567506529,0.585775597,0.603566511,0.620414579,0.635883945,0.650367114,0.664118522,0.677006823,0.689144181
Honduras,340,0.254281247,0.283053304,0.312369846,0.337318765,0.361092691,0.377938516,0.396725939,0.414312992,0.431071787,0.448504216,0.465697344,0.482405313,0.497925218,0.512748204,0.527918251,0.542825917,0.557329339,0.571750067,0.586159001,0.600412869,0.614396628,0.628397309,0.642015829,0.65535947,0.669273535,0.682731965,0.695760581
Hungary,348,0.504599382,0.525751743,0.542989035,0.554167773,0.565825406,0.57017941,0.591722018,0.613593405,0.62369642,0.645643274,0.65840144,0.671822739,0.683058208,0.693117195,0.702777329,0.711532685,0.720124161,0.728541157,0.736814287,0.745141205,0.75359131,0.761402605,0.769328675,0.777017036,0.784670848,0.792323087,0.799621491
Iceland,352,0.583599706,0.608695368,0.634620845,0.64827883,0.662721717,0.669837466,0.687327374,0.706313043,0.709876497,0.725277937,0.737638469,0.751866544,0.763304456,0.774313849,0.784935769,0.795263265,0.805374331,0.815417463,0.825066384,0.834704065,0.8440612,0.853271014,0.862163839,0.870873506,0.878982381,0.887113187,0.895160051
India,356,0.224519235,0.24618756,0.269823114,0.293289613,0.317028343,0.340701432,0.367596143,0.399736959,0.429525462,0.463622234,0.493861641,0.520097048,0.5434613,0.563480504,0.581690163,0.598068368,0.613848017,0.629001022,0.643707404,0.657904694,0.671520498,0.684300293,0.696872111,0.708982039,0.720502941,0.731626028,0.742269616
Indonesia,360,0.277345218,0.315328207,0.34752538,0.374193161,0.403216353,0.433710042,0.44683155,0.466922427,0.486286398,0.513361918,0.53936489,0.564096819,0.584315751,0.602057516,0.617758357,0.632164824,0.646568068,0.660533728,0.674052969,0.686499583,0.698283615,0.709651703,0.720559987,0.731027709,0.741433291,0.751360359,0.761177053
Iran (Islamic Republic of),364,0.295268571,0.339869351,0.362046222,0.370863596,0.413937289,0.458688954,0.488144052,0.516516716,0.541549303,0.567578002,0.584614283,0.599548396,0.613573979,0.627950738,0.642877984,0.657930929,0.672122082,0.686026128,0.698982582,0.711856586,0.724451444,0.736220612,0.747431747,0.758081991,0.768467516,0.77872133,0.788842737
Iraq,368,0.302453707,0.347107259,0.393540847,0.398504475,0.435481163,0.428888272,0.452666457,0.453389262,0.465043301,0.495116544,0.527989336,0.558938334,0.58108125,0.599551697,0.615692413,0.630301046,0.644191438,0.657669307,0.671220086,0.684402249,0.6974416,0.710286245,0.723135148,0.735739263,0.748164966,0.760326538,0.772193606
Ireland,372,0.529273053,0.54397491,0.561894561,0.575013995,0.593175955,0.6115847,0.640340931,0.668775713,0.683989963,0.695557237,0.707799913,0.722229694,0.735904373,0.74889594,0.760758608,0.77139235,0.781042668,0.790471135,0.799683561,0.808671854,0.817153113,0.825157713,0.832371019,0.838842945,0.845373018,0.851739454,0.85831591
Israel,376,0.512717033,0.536481556,0.550798699,0.567161459,0.592236493,0.61803037,0.640864281,0.66068263,0.673388257,0.676346253,0.679707415,0.684999127,0.691861093,0.700170483,0.709006119,0.718127,0.727076657,0.735533582,0.74429584,0.752720314,0.76173353,0.770628208,0.779700132,0.788503318,0.797325599,0.805949482,0.814374192
Italy,380,0.496550446,0.518536183,0.543789853,0.564924604,0.587598816,0.604005324,0.621031027,0.636533192,0.647692653,0.670645519,0.68913993,0.709397738,0.727371435,0.74348958,0.757915789,0.77111534,0.782938329,0.794392043,0.805797338,0.816847653,0.827533109,0.837515156,0.847044784,0.856177072,0.865347151,0.873809967,0.882451063
Jamaica,388,0.449713539,0.472462022,0.488238365,0.506675969,0.526964898,0.539338809,0.548643113,0.559047744,0.569267125,0.582642952,0.598217929,0.615751595,0.631751465,0.64491532,0.656632928,0.667602158,0.677354938,0.686367115,0.694785627,0.703146703,0.711638593,0.720534451,0.729581616,0.738906314,0.748052814,0.757023119,0.766094332
Japan,392,0.593157222,0.612582814,0.633345548,0.649853338,0.669953834,0.682597459,0.69496315,0.708504101,0.715985752,0.718752722,0.72710243,0.737318228,0.747264843,0.757728357,0.767232827,0.77686747,0.785569305,0.793920084,0.802134945,0.810417467,0.818690942,0.826917963,0.83473401,0.842342128,0.849782645,0.856890873,0.864185605
Jordan,400,0.362165154,0.394608886,0.44510917,0.464177831,0.478950596,0.497813521,0.503928253,0.520699978,0.530746726,0.551108141,0.571215471,0.590880154,0.607501855,0.622388757,0.635119072,0.647522234,0.658894587,0.67001019,0.680710919,0.690873731,0.700986966,0.710674741,0.719764847,0.728671112,0.737081533,0.745412129,0.753297519
Kazakhstan,398,0.37563057,0.407592257,0.436414266,0.465891537,0.492789263,0.509965066,0.512195444,0.549018189,0.572055401,0.602152109,0.617559181,0.628884428,0.638301659,0.648031818,0.656574777,0.664802226,0.672752655,0.680510691,0.688299993,0.696683491,0.705000286,0.713374601,0.72158726,0.729374683,0.737167825,0.745135028,0.753144035
Kenya,404,0.249401402,0.277276183,0.30798944,0.327390293,0.350072707,0.350453979,0.34589429,0.354204933,0.382497059,0.420839913,0.450280282,0.476634823,0.496839417,0.515034971,0.531716562,0.54730126,0.561562692,0.575008762,0.587910959,0.599982599,0.611519317,0.622570534,0.633146033,0.643285438,0.65277437,0.661832422,0.670632653
Kuwait,414,0.411300137,0.439669633,0.473088667,0.501558544,0.515379544,0.552928925,0.558704102,0.576292124,0.586301489,0.594262539,0.603138287,0.611233836,0.618052219,0.627676566,0.639210176,0.651883542,0.665428226,0.679895629,0.694441383,0.7092607,0.723230036,0.736540081,0.748946099,0.760404077,0.771017161,0.781505277,0.791569122
Kyrgyzstan,417,0.315842381,0.345453432,0.372168685,0.398610527,0.423317692,0.439673008,0.45747204,0.475139029,0.491681697,0.533690013,0.571396859,0.603863214,0.625140374,0.641177605,0.652794314,0.662177292,0.670028008,0.677802909,0.68502726,0.692762101,0.700262342,0.708265703,0.715726846,0.723158585,0.730391888,0.737771353,0.745154259
Lao People's Democratic Republic,418,0.205036494,0.229449414,0.247775479,0.276584598,0.294233547,0.316975197,0.336820559,0.363160076,0.400344355,0.434344447,0.460891996,0.479578829,0.495316133,0.510859657,0.526428826,0.541438997,0.556072857,0.570757486,0.585182726,0.599793384,0.614104688,0.628150875,0.641692801,0.655044918,0.668234016,0.681046186,0.692733182
Latvia,428,0.488877257,0.505642352,0.519976864,0.537943539,0.55846634,0.562884904,0.582100216,0.609351151,0.615232328,0.640740755,0.653215985,0.665730798,0.675582798,0.683485792,0.690944,0.698049771,0.704764163,0.711567433,0.718602784,0.726617858,0.735045162,0.743755515,0.752298172,0.761204927,0.769580823,0.778129318,0.786531257
Lebanon,422,0.418672865,0.452088604,0.466832524,0.501187175,0.488980693,0.516491952,0.53223459,0.556250257,0.587002842,0.612231979,0.630168066,0.643507397,0.654047631,0.665205833,0.676279309,0.687250892,0.697968994,0.70772735,0.716500386,0.72535866,0.733782322,0.742747625,0.751446023,0.759999981,0.768733764,0.77689202,0.784847056
Lesotho,426,0.235285573,0.254077544,0.280417156,0.297613251,0.321194373,0.341209764,0.333456552,0.31699733,0.344171081,0.365488761,0.385191769,0.400990784,0.416939625,0.434810989,0.452622931,0.469960319,0.486690919,0.503277761,0.51941767,0.535641218,0.551428333,0.566919935,0.581675232,0.596432425,0.610952535,0.625083781,0.638128721
Liberia,430,0.168961602,0.192820071,0.220182794,0.237874703,0.215031201,0.145920772,0.247051294,0.230442278,0.257989202,0.288742022,0.32977866,0.362957876,0.388870156,0.413565745,0.436748552,0.458703908,0.478821246,0.497514533,0.51561728,0.532626667,0.549121372,0.564733543,0.579796899,0.594343551,0.608730537,0.623001555,0.636816946
Lithuania,440,0.460543395,0.486675061,0.510964067,0.535438084,0.561080444,0.575028287,0.593511522,0.621404598,0.629360122,0.655028584,0.670903416,0.685169301,0.694507282,0.70246227,0.708994356,0.715459224,0.722023424,0.728550023,0.735198423,0.74207075,0.749982754,0.757981615,0.765998939,0.774025561,0.781941618,0.789754443,0.79761999
Luxembourg,442,0.577734794,0.59048866,0.606731832,0.624048802,0.64951693,0.666033089,0.685448442,0.701504844,0.718904934,0.747470802,0.760350441,0.773308189,0.783736769,0.793549063,0.804067291,0.814350176,0.824220278,0.833877426,0.843381467,0.8526407,0.861497876,0.870397791,0.879012244,0.887765231,0.896073568,0.90435882,0.911979774
Madagascar,450,0.208469827,0.226927762,0.238568849,0.252314262,0.26713516,0.273823469,0.286872013,0.292523612,0.301006353,0.32080169,0.343795954,0.365306975,0.382973437,0.400091942,0.416588306,0.432974289,0.44912857,0.465225849,0.481088605,0.496989751,0.513047255,0.529237238,0.545369977,0.561624528,0.577786806,0.594105545,0.610038044
Malawi,454,0.189798207,0.212371891,0.230285049,0.23631215,0.239661357,0.246644948,0.256709236,0.265098555,0.302730032,0.342879743,0.372363455,0.394192028,0.414591964,0.434521354,0.453497386,0.471952085,0.489097584,0.50604446,0.522057941,0.53749415,0.552557555,0.56665486,0.58059834,0.59372641,0.606948466,0.619439484,0.631703702
Malaysia,458,0.35676064,0.402155341,0.443710602,0.474190385,0.505553789,0.539584534,0.563793361,0.582644692,0.597284222,0.61249367,0.625996823,0.641170416,0.655874322,0.669896799,0.684114622,0.69760179,0.710096104,0.721470249,0.732240005,0.742185456,0.751749955,0.760902282,0.770574858,0.780138535,0.789562746,0.798925596,0.808171763
Maldives,462,0.196361756,0.21086186,0.245890039,0.287288684,0.324745369,0.359394819,0.401479119,0.45100218,0.481669607,0.504637588,0.521220846,0.53603097,0.551024731,0.566491191,0.582064278,0.597711292,0.613461018,0.628610899,0.643706782,0.658538344,0.673939333,0.689358481,0.704822621,0.719656769,0.733385611,0.746203227,0.75789222
Mali,466,0.083498963,0.101264046,0.121830392,0.139920498,0.15701251,0.169119696,0.178973116,0.203335127,0.232120348,0.255406676,0.278884553,0.299225919,0.321195348,0.343046207,0.364505914,0.385763399,0.406304608,0.426640722,0.446201443,0.465059278,0.48334426,0.501213828,0.518806672,0.536480634,0.554247197,0.571171148,0.587930392
Malta,470,0.467621357,0.492962154,0.528880131,0.545948769,0.568702107,0.589183325,0.608008421,0.621644547,0.635270611,0.650882306,0.66651932,0.68318778,0.699000869,0.714015359,0.727721344,0.74054358,0.752456564,0.763214018,0.773087508,0.782870515,0.792246103,0.801043303,0.809788769,0.818088177,0.8257251,0.832849158,0.83997762
Mauritius,480,0.350308267,0.381362306,0.408595311,0.438764912,0.466000564,0.488437265,0.507614854,0.526878106,0.544437209,0.56002305,0.571233143,0.581533208,0.592497115,0.604295821,0.61751687,0.63177368,0.646785684,0.66145954,0.676249147,0.690493889,0.704352983,0.717807485,0.731147976,0.743462814,0.756729433,0.769864441,0.782543415
Mexico,484,0.374162498,0.405976515,0.439452913,0.463917035,0.486457527,0.505502868,0.529969178,0.547931138,0.558336657,0.575889965,0.591900348,0.608738256,0.623922092,0.637996052,0.65173569,0.665174515,0.678106092,0.690071883,0.701397817,0.712469111,0.723281854,0.733916459,0.744365254,0.754597026,0.764577434,0.774466857,0.783856214
Mongolia,496,0.342456718,0.372296066,0.39733211,0.420313717,0.4498254,0.436703079,0.452454663,0.476326088,0.499809899,0.52580885,0.54653676,0.563442747,0.578573552,0.593991767,0.608318258,0.621966108,0.634934674,0.647589481,0.65947378,0.671571728,0.683147412,0.694192869,0.704602897,0.714007234,0.722893205,0.73125695,0.739279568
Morocco,504,0.176508517,0.210869152,0.24128489,0.271546368,0.30292866,0.325285523,0.347819906,0.376185861,0.410080991,0.440634933,0.467411766,0.492409124,0.514191642,0.535755512,0.556684631,0.576864198,0.596269203,0.615243342,0.633875336,0.652464459,0.670530483,0.687766713,0.703206574,0.717057109,0.72933721,0.740792687,0.751563555
Mozambique,508,0.099710971,0.11744352,0.12991592,0.125304575,0.135931303,0.144306429,0.169595899,0.201863714,0.238027049,0.274326814,0.308339942,0.334006107,0.35691416,0.378648372,0.39934183,0.419501979,0.439329106,0.458205084,0.476684421,0.494695236,0.512009325,0.528976449,0.545808144,0.562137623,0.578379634,0.593865537,0.608831508
Namibia,516,0.308064002,0.330091637,0.354917132,0.370025677,0.398817929,0.417315948,0.421753612,0.419193216,0.435933189,0.474557691,0.505900284,0.527139338,0.544064376,0.560453083,0.575725346,0.590017854,0.603224985,0.616056253,0.627763734,0.638977386,0.64991781,0.660402689,0.670048805,0.6792685,0.68824995,0.697075455,0.705281251
Nepal,524,0.137653765,0.15792739,0.178533494,0.200055322,0.226247077,0.26317579,0.296784468,0.32202911,0.354363708,0.382850553,0.411008879,0.433437385,0.45328816,0.472872818,0.493183413,0.514154847,0.535043446,0.555114532,0.574530639,0.592973872,0.610575562,0.627163095,0.643228862,0.65823768,0.672781115,0.686326157,0.699434861
Netherlands,528,0.582649774,0.596361554,0.611498591,0.622359596,0.636627347,0.648240411,0.662101225,0.671776238,0.683919591,0.702116785,0.714555336,0.72807296,0.739076171,0.749723279,0.759721848,0.76988767,0.779290723,0.788717501,0.79782678,0.806458297,0.815033867,0.823180137,0.831496818,0.839606184,0.847681429,0.855152832,0.862776953
New Zealand,554,0.582525769,0.599675706,0.610688488,0.627082003,0.638134194,0.656021128,0.670754276,0.688147139,0.698538936,0.711198556,0.719247176,0.729076883,0.738986316,0.748581204,0.757531462,0.76627769,0.774653195,0.782554477,0.790774169,0.798409463,0.806187198,0.813531099,0.82140738,0.828903038,0.836410946,0.843713395,0.850975559
Nicaragua,558,0.290928867,0.318662492,0.333328627,0.355731301,0.360797527,0.374849878,0.395949502,0.41113377,0.429766745,0.447627124,0.465444384,0.482907392,0.499535829,0.515731273,0.531993089,0.548250294,0.56383583,0.579258555,0.594636158,0.609517725,0.624062507,0.63938115,0.654497871,0.669022952,0.682358518,0.694635432,0.706064541
Niger,562,0.079831151,0.088055031,0.103305215,0.114889101,0.126502093,0.138410956,0.154106789,0.175991211,0.198158772,0.224383898,0.250162261,0.273634805,0.296326354,0.318703787,0.340226016,0.361404529,0.382230446,0.402865736,0.423136322,0.44253565,0.461320052,0.479915514,0.49798643,0.516096199,0.533511051,0.550621796,0.566741146
Nigeria,566,0.182974911,0.208515452,0.227035968,0.24652293,0.259549526,0.272024307,0.288293459,0.316303552,0.349298303,0.380394656,0.412408474,0.438442833,0.460158208,0.4805884,0.500694239,0.519868937,0.538439887,0.55600369,0.572717497,0.588482548,0.602912697,0.616310736,0.629225437,0.641276521,0.652493771,0.663311382,0.673941044
Norway,578,0.614532385,0.628124286,0.642555693,0.654334711,0.662086232,0.675956587,0.690121979,0.702664387,0.713543435,0.727668713,0.739209082,0.751545865,0.762359982,0.772239857,0.781654741,0.791124957,0.799961378,0.808649146,0.817486841,0.825778048,0.834067707,0.84213772,0.849992153,0.857426902,0.864885484,0.871963935,0.87925386
Oman,512,0.233468452,0.280857944,0.330392638,0.385507738,0.428548801,0.474877427,0.513154794,0.544042499,0.576474882,0.598559034,0.611678678,0.622453952,0.633446935,0.644995905,0.655974225,0.667019334,0.67761269,0.688984219,0.700774818,0.712925041,0.725375615,0.737548691,0.748792612,0.759537169,0.769412449,0.778673222,0.787846601
Pakistan,586,0.204434903,0.223971159,0.246346605,0.267901324,0.288345885,0.306944288,0.321891116,0.345715123,0.367588293,0.389994995,0.409073564,0.428597181,0.448644301,0.469631298,0.490428166,0.511302345,0.53186501,0.551995623,0.571552952,0.590442466,0.608626527,0.625856961,0.642478824,0.658094585,0.672748291,0.686791525,0.700053875
Panama,591,0.409153903,0.43511491,0.468974722,0.491190289,0.505257158,0.523032845,0.538156492,0.552954003,0.573538041,0.597130399,0.614737034,0.628788065,0.640464103,0.651581283,0.662791967,0.674237131,0.68594362,0.697108593,0.707911922,0.717903467,0.727714938,0.736994531,0.745945445,0.754866038,0.763713116,0.772595849,0.781295221
Paraguay,600,0.367559135,0.388830564,0.416516677,0.427620675,0.441182924,0.450978479,0.460145411,0.476345497,0.491018705,0.505219129,0.518923817,0.535326084,0.55128628,0.567339645,0.583310858,0.598982047,0.613595873,0.627720525,0.641024784,0.654086892,0.667603234,0.681338089,0.69447792,0.706778618,0.718269817,0.729202374,0.739179277
Peru,604,0.372855393,0.405957469,0.429184609,0.446858493,0.460685211,0.486702384,0.506182958,0.529035831,0.553514296,0.573266648,0.592831899,0.608145916,0.620752229,0.632733643,0.644534616,0.655745518,0.666449894,0.676724822,0.686705382,0.695765894,0.704728077,0.713116989,0.721179637,0.728712983,0.736291283,0.743358842,0.750978411
Philippines,608,0.371856934,0.393671619,0.40995491,0.415194051,0.433336266,0.442931659,0.458436409,0.468396068,0.483074264,0.497542596,0.513237301,0.529532193,0.544770686,0.559942573,0.574966489,0.589462597,0.603046741,0.616034287,0.627970976,0.63947782,0.650639664,0.661338274,0.671563486,0.681342145,0.69071443,0.699896666,0.708737713
Poland,616,0.532179427,0.550508756,0.563902523,0.567978137,0.569885472,0.581732474,0.602260388,0.621176182,0.638647842,0.668058029,0.684740087,0.698961766,0.709904436,0.719371712,0.728560937,0.737604594,0.746161947,0.754329233,0.762406378,0.770455968,0.778962651,0.787047271,0.794807801,0.802248121,0.809439514,0.816482162,0.823614162
Portugal,620,0.357844067,0.386918687,0.419944361,0.445714911,0.47859219,0.502011801,0.528633834,0.551891834,0.570004275,0.590434557,0.61134246,0.634200651,0.655490299,0.675554422,0.694155049,0.711378266,0.726677861,0.740867692,0.753907451,0.765621992,0.776403849,0.785976134,0.794964578,0.803477643,0.811562993,0.819395243,0.826874091
Puerto Rico,630,0.517319215,0.541033406,0.560777028,0.576576911,0.599975369,0.608883711,0.631415568,0.647286142,0.653971499,0.670467132,0.680717018,0.691340468,0.701180065,0.710419079,0.719204041,0.728048611,0.736401614,0.744679772,0.753173834,0.761108974,0.769049112,0.777015115,0.784803298,0.792791208,0.800728384,0.808549642,0.816363828
Republic of Korea,410,0.40315769,0.449615678,0.484504114,0.520390009,0.562884695,0.596570418,0.621048255,0.645386391,0.666587305,0.68462787,0.696668671,0.706142764,0.715064255,0.724133364,0.733291748,0.742115757,0.750363309,0.75879104,0.76670266,0.773813679,0.780886304,0.787735647,0.794474698,0.801222024,0.807929245,0.814209233,0.820722269
Republic of Moldova,498,0.312242225,0.345479761,0.37236819,0.396329725,0.425082831,0.448797368,0.456057802,0.485863076,0.500760675,0.541985533,0.576167675,0.606783658,0.627798346,0.642592135,0.653634006,0.662568566,0.670461407,0.678075681,0.685720079,0.693518662,0.701703712,0.710366737,0.718662784,0.727068743,0.735283242,0.743462077,0.751661115
Romania,642,0.447407068,0.485771154,0.514177107,0.524500441,0.530496554,0.534542692,0.541406899,0.566801132,0.585097714,0.61202696,0.630880961,0.648075871,0.662086453,0.673942626,0.684533914,0.694466599,0.703906126,0.713257407,0.72244824,0.73170362,0.741154845,0.750399306,0.759197742,0.767789796,0.775976483,0.784195947,0.792222133
Russian Federation,643,0.469212227,0.486857876,0.499953006,0.514025094,0.542210019,0.52583564,0.53295746,0.552409424,0.575287305,0.598434701,0.614720822,0.62940835,0.641773514,0.654331423,0.666226911,0.677656066,0.688393165,0.698628425,0.708676204,0.718582272,0.728753557,0.738916817,0.74828478,0.757066301,0.765844995,0.77445074,0.782872974
Rwanda,646,0.171238543,0.179049263,0.195584569,0.216052114,0.224823141,0.118311063,0.228862319,0.268335995,0.314090049,0.345765186,0.36743958,0.381166894,0.395048742,0.409011365,0.42359556,0.438599534,0.454467402,0.470516622,0.487176368,0.503715739,0.519461727,0.535131036,0.550147602,0.564891339,0.57940097,0.593520458,0.607152748
Saint Lucia,662,0.408038835,0.439105993,0.474920789,0.496209115,0.520198309,0.534453533,0.549603769,0.567003728,0.583975605,0.600158025,0.613756146,0.626442446,0.637486433,0.648370843,0.660067157,0.671422021,0.682987739,0.694447693,0.705628994,0.715686791,0.725296513,0.734791951,0.744234786,0.75326885,0.76220536,0.770558664,0.778210309
Saint Vincent and the Grenadines,670,0.401609881,0.417398835,0.443938862,0.470431799,0.501745159,0.516758182,0.529692649,0.541865194,0.566400281,0.586795269,0.603094537,0.616525471,0.628106284,0.638888373,0.649710179,0.661068152,0.671920272,0.682189342,0.692411489,0.702058286,0.712408603,0.723148592,0.734112056,0.74485771,0.755321115,0.766725916,0.775452748
Samoa,882,0.415649591,0.433120851,0.458174662,0.471747754,0.491155844,0.506697798,0.526512624,0.544933824,0.555433999,0.572624851,0.588537232,0.605690594,0.621048768,0.635736268,0.649630958,0.662380467,0.674717945,0.686571478,0.697915202,0.709089723,0.719207509,0.729050768,0.738648657,0.748626339,0.759154929,0.769780509,0.780619077
Sao Tome and Principe,678,0.180816391,0.210039616,0.240252172,0.256839301,0.26826618,0.282835494,0.296262455,0.32076412,0.347843116,0.378200354,0.402748648,0.422917085,0.438159152,0.45215098,0.465540376,0.478812892,0.49241385,0.50610822,0.520412586,0.534111757,0.547377521,0.560774371,0.574071859,0.587245367,0.600091051,0.612587061,0.625045374
Saudi Arabia,682,0.305567704,0.35043423,0.398861613,0.446222691,0.4899004,0.515125951,0.544985547,0.572872006,0.591744803,0.608083881,0.617087556,0.627380412,0.638099746,0.650618334,0.663246688,0.675797282,0.687167201,0.69752269,0.70728305,0.716496152,0.725866519,0.734919915,0.743800664,0.752685401,0.761111867,0.769441876,0.777766163
Senegal,686,0.162085756,0.180633442,0.203188737,0.224845744,0.245842641,0.260227541,0.272208042,0.297827769,0.32410923,0.351770942,0.37619121,0.398240795,0.418222478,0.43734106,0.455759934,0.4738664,0.491863312,0.509594766,0.527104386,0.544117256,0.560522489,0.577092521,0.592910082,0.608699117,0.624030144,0.638792576,0.653240136
Serbia,688,0.423687516,0.452212986,0.476195327,0.497890369,0.519163086,0.538143126,0.553528408,0.570030398,0.587827451,0.610037418,0.631816316,0.652457423,0.668087605,0.68115605,0.692194568,0.702581689,0.711907972,0.720941196,0.730213585,0.739282377,0.748419796,0.757355386,0.766253851,0.775101585,0.783722867,0.792133208,0.800535368
Sierra Leone,694,0.139847719,0.163822402,0.18487369,0.198489523,0.203995039,0.194949148,0.188908671,0.225389752,0.257228309,0.291995254,0.318374975,0.339805588,0.359197769,0.378347008,0.397241435,0.416317672,0.435627091,0.454812438,0.473947038,0.492777819,0.511595712,0.529773419,0.548304032,0.566271264,0.584290633,0.601580813,0.618411833
Singapore,702,0.440002208,0.490238634,0.53445476,0.567475013,0.607598916,0.641126693,0.660560979,0.680643883,0.706049452,0.709265047,0.719708632,0.728378778,0.736384477,0.743992529,0.751403714,0.758803973,0.765724097,0.771998824,0.777477121,0.782661111,0.787279903,0.792445007,0.79777629,0.803661508,0.809282252,0.815058613,0.820839196
Slovakia,703,0.537525162,0.550602685,0.565353586,0.578192156,0.595178825,0.595432707,0.613030434,0.632462081,0.648602657,0.675536739,0.686328617,0.695556082,0.703701872,0.71262178,0.722222909,0.732286501,0.742128324,0.751810948,0.761058778,0.770516248,0.780229197,0.789736991,0.798789786,0.807563583,0.815897695,0.824264959,0.832535657
Slovenia,705,0.555566026,0.567260321,0.580287004,0.590085186,0.606583928,0.613282509,0.630907858,0.648528384,0.66427684,0.677498507,0.683627574,0.68999967,0.697454642,0.70613368,0.715595548,0.725045054,0.734433663,0.743428176,0.75233194,0.761251106,0.770419645,0.779250777,0.788027173,0.796041815,0.803888074,0.811360042,0.8192051
Solomon Islands,90,0.265446195,0.286397868,0.317273694,0.330896356,0.330677397,0.353191391,0.358320046,0.377775559,0.406763411,0.437506443,0.466712281,0.490859726,0.508148161,0.523322235,0.536828882,0.549651684,0.562622084,0.575276024,0.587682693,0.599367267,0.610726451,0.621923358,0.632503472,0.643328523,0.654208044,0.66470447,0.674373983
Somalia,706,0.147063967,0.162075847,0.169551171,0.178280425,0.193540527,0.184000433,0.198438141,0.207357092,0.22576411,0.247796059,0.278091518,0.305098486,0.328851613,0.35131132,0.373010046,0.394027473,0.414449613,0.434266578,0.45388911,0.472693551,0.490993732,0.508863138,0.526482408,0.543808482,0.56045814,0.577256434,0.594205083
South Africa,710,0.386603969,0.408521125,0.426350532,0.439391848,0.460324379,0.475348126,0.476464054,0.46566963,0.469815582,0.51308156,0.543114558,0.557749508,0.570968303,0.584237835,0.59694444,0.608475053,0.618877037,0.628611343,0.63799559,0.646876563,0.655158321,0.663076128,0.670987058,0.67878853,0.686185207,0.69375696,0.701079276
Spain,724,0.47004035,0.497412265,0.519882032,0.541143517,0.565037486,0.58271182,0.605938637,0.626620381,0.640690527,0.664949431,0.681306085,0.699373347,0.71517371,0.730048967,0.743092914,0.755182532,0.766668015,0.777191535,0.787736116,0.797769527,0.807733464,0.817083701,0.825328821,0.833511735,0.840951482,0.84856709,0.855631561
Sri Lanka,144,0.34920983,0.371057247,0.396961339,0.424366263,0.442805733,0.468731405,0.488118912,0.517209559,0.538027202,0.55067776,0.562501652,0.573411494,0.585942427,0.599716394,0.614711178,0.630520565,0.646755908,0.662978497,0.678831752,0.69386261,0.70813732,0.721415051,0.734093897,0.745866769,0.757634279,0.768521284,0.779054377
Sudan,729,0.170912619,0.192678901,0.214677715,0.231036909,0.255376511,0.277324376,0.306265401,0.325442086,0.347733883,0.380135398,0.410230259,0.440286928,0.465150981,0.487962901,0.509048686,0.528427844,0.545976743,0.562662553,0.578900601,0.59400747,0.609119446,0.623214296,0.636934103,0.650071573,0.661928911,0.673149758,0.683214156
Suriname,740,0.464798228,0.481025181,0.498997497,0.516807974,0.52179143,0.519322142,0.522446801,0.5431002,0.560839998,0.581845383,0.597569022,0.613387461,0.62677132,0.639420229,0.651190601,0.66277693,0.674311677,0.685717739,0.696784689,0.707541283,0.718477697,0.728805564,0.739108441,0.749131994,0.758823027,0.768307317,0.777685611
Swaziland,748,0.254319986,0.300812518,0.329681121,0.362374396,0.39962119,0.412480664,0.397714797,0.374286017,0.402892802,0.448483891,0.478596356,0.498511826,0.515077335,0.531652958,0.547565956,0.562196742,0.576062717,0.589294684,0.601563072,0.613660419,0.625173726,0.635767891,0.645795144,0.655493607,0.664749478,0.67360942,0.682211588
Sweden,752,0.584837541,0.598995014,0.610831554,0.624852678,0.638536674,0.649565553,0.66552828,0.679304448,0.68904766,0.705600363,0.71845239,0.731869934,0.74397964,0.754803932,0.764322937,0.77337542,0.781619139,0.789494917,0.796938778,0.804612728,0.812233625,0.819759832,0.827421287,0.834863121,0.842139555,0.849248826,0.856353176
Switzerland,756,0.625592228,0.63463575,0.648954845,0.6586084,0.672203512,0.677875327,0.689733815,0.69979607,0.710669409,0.725250738,0.733610957,0.742509888,0.750673335,0.758862204,0.767595953,0.776374152,0.785301615,0.793960492,0.80255052,0.811123006,0.819465199,0.828128417,0.836755981,0.845007726,0.853473744,0.861730989,0.869399778
Syrian Arab Republic,760,0.283577944,0.324991977,0.356316829,0.380902361,0.396309702,0.423597556,0.44018766,0.455676262,0.473458386,0.474454841,0.49695339,0.519369659,0.537644393,0.55480607,0.570892974,0.586737406,0.601968039,0.616996509,0.631605389,0.645509101,0.659055901,0.672560085,0.686284667,0.700385649,0.713923695,0.72648189,0.738265299
Tajikistan,762,0.275445728,0.314063541,0.348595906,0.38053834,0.408407679,0.428864752,0.446401088,0.478572868,0.502539143,0.543817777,0.581910138,0.612854712,0.63362363,0.648486131,0.659224198,0.667597481,0.67461046,0.681326851,0.688064732,0.694875241,0.702021279,0.709105559,0.716220839,0.723115676,0.730171865,0.737369516,0.744152366
Thailand,764,0.371804703,0.399475285,0.431191326,0.457963756,0.493966258,0.51671022,0.521382599,0.540344892,0.557582904,0.574825222,0.590575577,0.604907571,0.618083601,0.631661737,0.645398999,0.659541713,0.673815747,0.688009629,0.700985849,0.712771796,0.723565238,0.733803288,0.743200385,0.752719337,0.76194702,0.77078991,0.779041884
The former Yugoslav Republic of Macedonia,807,0.391714527,0.425952451,0.452553361,0.473186864,0.497454941,0.506529031,0.525346847,0.540868957,0.558516174,0.582333367,0.605061441,0.62663737,0.644823125,0.660912015,0.674877137,0.687752204,0.699884541,0.711477673,0.722846452,0.734475643,0.745923923,0.75750753,0.768408557,0.77888189,0.78890252,0.798307603,0.807104247
Timor-Leste,626,0.127660028,0.14644925,0.1402505,0.189926987,0.234456939,0.264187481,0.304078159,0.329587272,0.368977532,0.414904542,0.462050366,0.50176331,0.532393132,0.558626135,0.58121251,0.600681295,0.617937315,0.632775967,0.64640416,0.658320579,0.6694441,0.679680368,0.689497058,0.698316701,0.706982029,0.714888945,0.722674349
Togo,768,0.177001405,0.203786132,0.229914175,0.244626927,0.267138396,0.272638248,0.275627509,0.281621879,0.298442864,0.316479384,0.328331868,0.339086011,0.3528847,0.368734183,0.387320551,0.406671419,0.426238117,0.444463872,0.462221634,0.479676261,0.496887373,0.514319505,0.531515509,0.549427587,0.567039866,0.584809283,0.602327601
Tonga,776,0.443542946,0.456056591,0.476823848,0.506579191,0.521138542,0.53485073,0.54441955,0.560237544,0.568937912,0.580670571,0.595618687,0.612353692,0.626926418,0.640328467,0.652906963,0.665323251,0.676656877,0.688260328,0.699194463,0.709764047,0.720004031,0.729263001,0.738860728,0.748148448,0.757092714,0.76546913,0.775251871
Trinidad and Tobago,780,0.480239493,0.498950381,0.524940409,0.52983566,0.540189685,0.554875205,0.579916592,0.605078086,0.626380726,0.637495946,0.639375412,0.640349003,0.644824818,0.653216133,0.664198426,0.6756115,0.686854822,0.697752537,0.708281012,0.718565645,0.728915318,0.73885619,0.748689697,0.758146754,0.767808189,0.777260117,0.786518427
Tunisia,788,0.234139985,0.286127527,0.33195431,0.366802583,0.394383491,0.42564055,0.459839338,0.488353825,0.515508859,0.538276282,0.560493912,0.579249874,0.597459856,0.617035397,0.637321183,0.657340491,0.675940897,0.693340051,0.708578793,0.722462153,0.735151553,0.746955768,0.757383951,0.767358787,0.776680559,0.785775228,0.794924352
Turkey,792,0.325425842,0.356101719,0.386837008,0.416661866,0.446199035,0.47003545,0.496050337,0.521977714,0.540987432,0.56058773,0.580790991,0.598640041,0.614583058,0.629837162,0.644393432,0.658384636,0.671762648,0.68481172,0.697950213,0.711307457,0.724085352,0.736104904,0.74694583,0.757619023,0.767742922,0.777315624,0.786361085
Turkmenistan,795,0.385442441,0.415438487,0.441332724,0.466159229,0.487133296,0.502600474,0.514144563,0.522305923,0.541888388,0.567866362,0.592720734,0.611618627,0.626174969,0.638546296,0.649304297,0.659172965,0.668198251,0.677192136,0.686096644,0.695469914,0.704883551,0.71415933,0.722867706,0.7311751,0.739081632,0.746612421,0.754321526
Uganda,800,0.234384868,0.244204719,0.239160801,0.243801751,0.248601285,0.258687382,0.273068771,0.310920806,0.346378475,0.376311381,0.397436611,0.41454713,0.430009118,0.445597292,0.461521467,0.477616768,0.493963303,0.510062085,0.526081613,0.541677702,0.556487565,0.57135382,0.585545939,0.599429079,0.612789845,0.625744304,0.63859061
Ukraine,804,0.405143698,0.429026965,0.448484996,0.46786092,0.49105915,0.506530315,0.508798929,0.536271822,0.548434236,0.578999747,0.601066254,0.621149479,0.636670368,0.648835977,0.658927384,0.66771081,0.676194934,0.684435513,0.692806864,0.701639875,0.710411938,0.719379041,0.72813234,0.736259304,0.744405333,0.752539938,0.760690952
United Kingdom of Great Britain and Northern Ireland,826,0.605206929,0.615059013,0.625281692,0.63792217,0.651828095,0.662937754,0.676115198,0.68975767,0.697839303,0.712601307,0.723990626,0.73651365,0.748979914,0.760207756,0.770997683,0.780928577,0.79018017,0.799128261,0.807519713,0.816031306,0.824466058,0.832821329,0.840730547,0.84859173,0.856055488,0.863863286,0.871246017
United Republic of Tanzania,834,0.212360419,0.235382638,0.256623704,0.266626402,0.28162939,0.284888614,0.299321217,0.331840105,0.36640335,0.39929687,0.427417827,0.44298309,0.455686517,0.467560477,0.479949208,0.49270457,0.505775481,0.519268669,0.532464078,0.545689489,0.558958084,0.571799892,0.584962455,0.598123863,0.611274984,0.624486222,0.637474361
United States of America,840,0.599183998,0.613886482,0.632632758,0.648262547,0.659561808,0.668679788,0.680596776,0.689187462,0.694386898,0.70614442,0.712981766,0.721397723,0.729531603,0.736921362,0.74456998,0.751903914,0.759852514,0.767102298,0.774652234,0.782179472,0.789686379,0.797170701,0.804840243,0.812475034,0.819689586,0.826864269,0.834006938
Uruguay,858,0.443531859,0.456240997,0.478109043,0.481930048,0.500663268,0.521150556,0.535910926,0.547243105,0.564263712,0.583798828,0.601378873,0.617329273,0.630117993,0.641489352,0.652746353,0.663555084,0.673667708,0.684161877,0.693757932,0.703260314,0.71341037,0.72436752,0.735568933,0.746229947,0.756818387,0.767003445,0.776596004
Vanuatu,548,0.290900915,0.326087997,0.349754515,0.380584518,0.397003812,0.422005748,0.440241846,0.454752493,0.474587617,0.499363,0.524163109,0.547311939,0.566071205,0.583055235,0.599091558,0.614209128,0.628987668,0.643141557,0.656547096,0.669988321,0.682734261,0.694896426,0.707093036,0.719379622,0.731781129,0.7443345,0.756323819
Venezuela (Bolivarian Republic of),862,0.439998167,0.469887509,0.488682074,0.499380577,0.512600349,0.52871686,0.540712201,0.553849609,0.566501921,0.579429879,0.597265426,0.615127652,0.63048289,0.644133891,0.655908492,0.66670742,0.676959107,0.687499047,0.697630846,0.707513974,0.717262987,0.7268883,0.736544129,0.745997342,0.755011307,0.763937211,0.772772412
Viet Nam,704,0.277775971,0.283299459,0.32637516,0.356141562,0.377549699,0.405140153,0.430159689,0.456688786,0.477937577,0.506439671,0.533391966,0.556869138,0.576477646,0.593492152,0.607890052,0.621702182,0.635296014,0.648889332,0.662649796,0.677203686,0.69259381,0.707602534,0.721615993,0.735257331,0.747929875,0.760497712,0.772512773
Yemen,887,0.040156903,0.050124108,0.072121051,0.095330059,0.127777815,0.159835245,0.199713144,0.239862057,0.279456904,0.328971881,0.369457784,0.403409485,0.434836956,0.461557925,0.484919665,0.506068239,0.525138311,0.543388924,0.560874941,0.577832572,0.594466024,0.610440265,0.625783903,0.640714824,0.655112489,0.669198121,0.682547848
Zambia,894,0.296340488,0.317703691,0.326009681,0.322527812,0.314346016,0.295490935,0.295353817,0.337473008,0.376422711,0.424983725,0.450593866,0.466927643,0.480245436,0.494046084,0.508379813,0.52272937,0.5372283,0.551101516,0.564588889,0.577785261,0.590236749,0.602178974,0.614004527,0.625006141,0.635871368,0.646533474,0.656533446
Zimbabwe,716,0.209643958,0.240597681,0.245233831,0.253348019,0.276260477,0.267568237,0.255720605,0.209668916,0.195478843,0.210448514,0.254728161,0.307665242,0.354009458,0.393484627,0.426193891,0.453392414,0.477001797,0.498164439,0.5177871,0.53594986,0.55322223,0.569754618,0.58544559,0.600298048,0.614478119,0.62806067,0.641085011
